{"lr-SGD": 2.4671981713420015e-06, "trainer/global_step": 31300, "_timestamp": 1712662952.4752898, "_runtime": 858.793842792511, "_step": 759, "train/loss": 0.006291177589446306, "train/acc": 0.9984999895095825, "epoch": 100, "val/loss": 1.7697187662124634, "val/acc": 0.6833999752998352, "test/acc": 0.6917999982833862, "_wandb": {"runtime": 858}}